"idElemento";"codigo";"denominacion";"codigoSINAC";"municipio";"municipioCodigo";"localidadCodigo";"zonaAbastecimiento";"ambito";"idAmbito";"utmX";"utmY";"huso";"cota";"capacidad";"volumenMedioAgua";"poblacionAbastecida";"ubicacion";"tipoDepositoCodigo";"compartimentado";"numeroCompartimentos";"cubierto";"claseDepositoCodigo";"tipoUsoCodigo";"materialConstruccionCodigo";"materialRevestimientoCodigo";"protegido";"ventilacion";"contador";"tipoDesinfeccion";"desinfectanteCodigo";"tipoDosificacionCloro";"sistemaDosificacionCloro";"tiempoRetencionAgua";"volumenAgua";"consumoDiarioAgua";"puntoTomaMuestras";"sistemaAlarma";"byPass";"fechaUltLimpieza";"calificacionEstructuralCodigo";"calificacionMantenimientoCodigo";"fechaConstruccion";"fechaActualizacion";"fechaConsolidacion";"observaciones";"etapCodigo";"etapNombre"
"221062";"DE-1792";"CASTILLO";"36439";"Vitoria-Gasteiz";"059";"10105900000291";"RED GENERAL DE VITORIA";"RED GENERAL DE VITORIA-MEK S.L.-VITORIA";"343544";"526589";"4739799";"30T";"682";"45";"22";"80";"";"2";"0";"1";"1";"4";"0";"2";"3";"1";"1";"1";"Sí: como recloración";"2";"1";"1";"1";"0";"0";"1";"0";"0";"";"1";"1";"01/01/1950";"28/03/2022";"25/03/2022";"";"";""
"221063";"DE-1793";"CASTILLO/GASTELU";"36439";"Vitoria-Gasteiz";"059";"10105900000291";"RED GENERAL DE VITORIA";"RED GENERAL DE VITORIA-MEK S.L.-VITORIA";"343544";"526590";"4739799";"30T";"691";"45";"22";"80";"SAN MIGUEL";"2";"0";"1";"1";"4";"0";"2";"3";"1";"1";"1";"Sí: como tratamiento";"2";"0";"3";"1";"0";"0";"1";"0";"2";"";"1";"1";"01/01/1950";"06/04/2022";"25/03/2022";"";"";""
"220446";"DE-1126";"DEPOSITO CERIO";"6463";"Vitoria-Gasteiz";"059";"10105900000305";"RED GENERAL DE VITORIA";"RED GENERAL DE VITORIA-AMVISA-VITORIA";"343540";"";"";"30T";"551";"25";"0";"0";"Cerio";"1";"0";"1";"0";"4";"1";"2";"3";"1";"0";"2";"Sí: como recloración";"2";"1";"1";"";"21";"0";"1";"1";"0";"";"";"";"01/01/2025";"07/08/2026";"31/05/2005";"";"";""
"220213";"DE-1376";"DEPOSITO DE LOS HUETOS";"23398";"Vitoria-Gasteiz";"059";"";"HUETO ARRIBA-HUETO ABAJO";"HUETO ARRIBA-HUETO ABAJO-AQUARABA-VITORIA";"344367";"";"";"30T";"";"200";"0";"0";"HUETO ARRIBA";"2";"0";"1";"0";"1";"0";"2";"3";"1";"0";"1";"Sí: como tratamiento";"2";"0";"5";"1";"0";"0";"0";"1";"0";"";"";"";"01/01/2025";"28/02/2018";"28/02/2008";"";"";""
"220948";"DE-1673";"DEPOSITO DE OREITIA";"36410";"Vitoria-Gasteiz";"059";"10105900000654";"ELGEA";"ELGEA-URBIDE ARABAKO UR PATZUERGOA - CONSORCIO DE AGUAS DE ALAVA-Ayto. Vitoria-Gasteiz";"346898";"535953";"4744642";"30T";"540";"2";"20";"81";"DETRAS DE LA VIA";"3";"0";"1";"1";"4";"1";"16";"21";"1";"1";"1";"Sí: como recloración";"2";"0";"5";"0";"0";"0";"0";"0";"1";"";"";"";"01/01/2025";"04/06/2026";"29/05/2018";"";"";""
"220448";"DE-1128";"DEPOSITO ESTIBALIZ";"6464";"Vitoria-Gasteiz";"059";"0";"RED GENERAL DE VITORIA";"RED GENERAL DE VITORIA-AMVISA-VITORIA";"343540";"";"";"30T";"616.7";"110";"0";"0";"ESTIBALIZ";"1";"0";"1";"0";"4";"1";"2";"3";"0";"0";"0";"No hay o no existe";"";"";"";"";"84";"0";"0";"0";"0";"";"";"";"01/01/2025";"07/08/2026";"31/05/2005";"";"";""
"220445";"DE-1125";"DEPOSITO GAMIZ";"6465";"Vitoria-Gasteiz";"059";"10105900000399";"RED GENERAL DE VITORIA";"RED GENERAL DE VITORIA-AMVISA-VITORIA";"343540";"";"";"30T";"557";"23";"0";"0";"OTAZU-GAMIZ (Cementerio)";"3";"0";"1";"0";"4";"1";"2";"3";"1";"0";"0";"Sí: como recloración";"2";"0";"1";"";"23";"0";"0";"0";"0";"";"";"";"01/01/2025";"27/05/2025";"31/05/2005";"";"";""
"219685";"DE-256";"DEPOSITO GARDELEGUI";"6466";"Vitoria-Gasteiz";"059";"10105900000403";"RED GENERAL DE VITORIA";"RED GENERAL DE VITORIA-AMVISA-VITORIA";"343540";"";"";"30T";"";"13000";"0";"0";"GARDELEGUI";"4";"0";"1";"0";"4";"3";"2";"3";"1";"0";"0";"Sí: como recloración";"2";"";"";"";"0";"0";"0";"0";"0";"";"";"";"01/01/1982";"28/05/2025";"03/12/2002";"";"";""
"220902";"DE-1629";"DEPOSITO MANDOJANA";"36441";"Vitoria-Gasteiz";"059";"10105900000556";"RED GENERAL DE VITORIA";"RED GENERAL DE VITORIA-AMVISA-VITORIA";"343540";"";"";"30T";"557.60";"98";"0";"0";"";"2";"1";"2";"1";"4";"1";"2";"3";"1";"1";"2";"Sí: como recloración";"2";"1";"5";"0";"65";"0";"1";"1";"2";"";"1";"";"01/01/2025";"07/08/2026";"25/03/2022";"";"";""
"220449";"DE-1131";"DEPOSITO MARTIODA";"6468";"Vitoria-Gasteiz";"059";"10105900000575";"RED GENERAL DE VITORIA";"RED GENERAL DE VITORIA-AMVISA-VITORIA";"343540";"";"";"30T";"542.29";"37";"0";"0";"Martioda";"1";"0";"1";"0";"4";"1";"2";"3";"1";"0";"2";"Sí: como recloración";"2";"1";"5";"";"13";"0";"0";"0";"0";"";"";"";"01/01/2025";"07/08/2026";"31/05/2005";"";"";""
"220447";"DE-1127";"DEPOSITO MATAUCO";"6469";"Vitoria-Gasteiz";"059";"10105900000581";"RED GENERAL DE VITORIA";"RED GENERAL DE VITORIA-AMVISA-VITORIA";"343540";"";"";"30T";"542";"25";"0";"0";"LADERA DE ESTIBALIZ";"1";"0";"1";"0";"4";"1";"2";"3";"1";"0";"3";"Sí: como recloración";"2";"1";"1";"";"25";"0";"1";"1";"0";"";"";"";"01/01/2025";"07/08/2026";"31/05/2005";"";"";""
"220467";"DE-1150";"DEPOSITO MENDIOLA";"8080";"Vitoria-Gasteiz";"059";"10105900000608";"MENDIOLA-MONASTERIOGUREN";"MENDIOLA-MONASTERIOGUREN-HIDROCONTROL-VITORIA";"344279";"";"";"30T";"";"100";"17";"163";"MENDIOLA";"3";"0";"1";"0";"1";"1";"2";"3";"1";"0";"0";"No hay o no existe";"";"";"";"";"0";"0";"0";"0";"0";"";"";"";"01/01/2025";"22/10/2025";"14/04/2005";"";"";""
"220466";"DE-1149";"DEPOSITO MONASTERIOGUREN";"7631";"Vitoria-Gasteiz";"059";"10105900000641";"MENDIOLA-MONASTERIOGUREN";"MENDIOLA-MONASTERIOGUREN-HIDROCONTROL-VITORIA";"344279";"";"";"30T";"620";"150";"8";"45";"MONASTERIOGUREN";"2";"0";"1";"0";"1";"0";"2";"3";"1";"0";"0";"Sí: como tratamiento";"2";"";"";"";"0";"0";"0";"0";"0";"";"";"";"01/01/2025";"25/04/2016";"14/04/2005";"";"";""
"220444";"DE-1124";"DEPOSITO PUENTE ALTO";"6470";"Vitoria-Gasteiz";"059";"10105900000608";"RED GENERAL DE VITORIA";"RED GENERAL DE VITORIA-AMVISA-VITORIA";"343540";"";"";"30T";"542.93";"34";"0";"0";"Puente Alto";"1";"0";"1";"0";"4";"1";"2";"3";"1";"0";"2";"Sí: como recloración";"2";"1";"5";"";"14";"0";"0";"0";"0";"";"";"";"01/01/2025";"07/08/2026";"31/05/2005";"";"";""
"220697";"DE-1755";"DEPOSITO SECTOR 19";"36440";"Vitoria-Gasteiz";"059";"10105900000734";"RED GENERAL DE VITORIA";"RED GENERAL DE VITORIA-AMVISA-VITORIA";"343540";"";"";"30T";"";"1800";"0";"0";"";"2";"0";"1";"0";"4";"1";"2";"3";"1";"0";"0";"Sí: como recloración";"2";"1";"1";"";"0";"0";"0";"0";"0";"";"";"";"31/07/2013";"28/05/2025";"25/03/2022";"";"";""
"220231";"DE-1399";"DEPOSITO ULLIBARRI OLLEROS";"23390";"Vitoria-Gasteiz";"059";"10105900000692";"ULLIBARRI OLLEROS";"ULLIBARRI OLLEROS-AMVISA-VITORIA";"344347";"";"";"30T";"";"11";"9";"54";"";"3";"0";"1";"0";"4";"1";"2";"3";"1";"1";"3";"Sí: como tratamiento";"2";"0";"1";"";"11";"9";"1";"0";"0";"";"2";"";"01/01/2025";"08/06/2026";"28/02/2008";"";"";""
"220538";"DE-1132";"DEPOSITO ZUMELZU";"23395";"Vitoria-Gasteiz";"059";"10105900000765";"RED GENERAL DE VITORIA";"RED GENERAL DE VITORIA-AMVISA-VITORIA";"343540";"";"";"30T";"";"18";"0";"0";"";"1";"0";"1";"0";"4";"0";"2";"";"1";"0";"0";"No hay o no existe";"";"";"";"";"0";"0";"0";"0";"0";"";"";"";"01/01/2025";"05/06/2024";"28/02/2008";"";"";""
"219684";"DE-255";"DEPOSITOS ARAKA";"6471";"Vitoria-Gasteiz";"059";"10105900000370";"RED GENERAL DE VITORIA";"RED GENERAL DE VITORIA-AMVISA-VITORIA";"343540";"";"";"30T";"";"90000";"51200";"262000";"MONTES DE ARAKA";"4";"1";"3";"1";"4";"1";"2";"3";"1";"1";"1";"";"";"";"";"1";"90000";"0";"1";"1";"0";"";"";"";"01/07/1982";"06/08/2026";"07/05/2014";"";"";""
"221122";"DE-1908";"DEPÓSITO DE ABERASTURI";"36438";"Vitoria-Gasteiz";"059";"10105900000023";"RED GENERAL DE VITORIA";"RED GENERAL DE VITORIA-AMVISA-VITORIA";"343540";"";"";"30T";"";"65";"0";"0";"";"3";"1";"2";"1";"4";"1";"2";"";"1";"0";"0";"Sí: como recloración";"2";"1";"4";"";"43";"0";"0";"0";"0";"";"";"";"01/01/2025";"07/08/2026";"25/03/2022";"";"";""
"220215";"DE-1379";"DEPÓSITO DE BERROSTEGIETA";"23396";"Vitoria-Gasteiz";"059";"10105900000240";"BERROSTEGUIETA";"BERROSTEGUIETA-AQUARABA-VITORIA";"344364";"";"";"30T";"";"65";"0";"0";"BERROSTEGIETA";"2";"0";"1";"0";"4";"1";"2";"3";"1";"0";"2";"Sí: como tratamiento";"2";"0";"3";"";"0";"0";"0";"0";"0";"";"";"";"01/01/2005";"15/09/2026";"17/09/2007";"";"";""
"220216";"DE-1380";"DEPÓSITO DE GOMETXA";"23399";"Vitoria-Gasteiz";"059";"10105900000431";"GOMETXA";"GOMETXA-AQUARABA-VITORIA";"344373";"";"";"30T";"";"60";"0";"0";"GOMETXA";"2";"0";"1";"0";"1";"0";"2";"3";"1";"0";"0";"No hay o no existe";"";"";"";"";"0";"0";"0";"0";"0";"26/06/2012";"";"";"01/01/2025";"24/05/2013";"28/02/2008";"";"";""